casual,registered,cnt
1338.2952380952381,2890.5333333333333,4228.828571428571
674.1333333333333,3663.9904761904763,4338.1238095238095
556.1826923076923,3954.480769230769,4510.663461538462
551.1442307692307,3997.394230769231,4548.538461538462
590.9615384615385,4076.298076923077,4667.259615384615
752.2884615384615,3938.0,4690.288461538462
1465.2571428571428,3085.285714285714,4550.542857142857
